person_id,name,claimed_cro_state,claimed_cro_number,professional_title,has_public_professional_contact,public_evidence_url,company_id,offer_track,cfo_registration_state,verified_cro_state,verified_cro_number,verified_specialties,cfo_source_url,campaign_legal_status
batch50-001,Gabriella Hübner,AM,4055,Especialista em Harmonização Orofacial,true,https://www.doctoralia.com.br/gabriella-hubner/dentista/manaus,,CEOF_SPECIALIZATION,PENDING,,,,,PENDING_REVIEW
batch50-002,Glaucia Medeiros Montenegro de Cantai,AM,8474,Cirurgião-Dentista,true,https://www.clinicaebenezer.com/equipe,,CEOF_SPECIALIZATION,PENDING,,,,,PENDING_REVIEW
batch50-003,Rafaella Guimarães,PE,14123,Especialista em Harmonização Orofacial,true,https://www.doctoralia.com.br/rafaella-guimaraes/especialista-em-harmonizacao-orofacial-dentista-ortodontista/recife,,CEOF_SPECIALIZATION,PENDING,,,,,PENDING_REVIEW
batch50-004,José Romar,PE,8620,Cirurgião Bucomaxilofacial,true,https://clinicarealface.com.br/,,CEOF_SPECIALIZATION,PENDING,,,,,PENDING_REVIEW
batch50-005,Gabriella Lisboa,GO,11836,Especialista em Harmonização Orofacial,true,https://www.studiodental.dental/,,CEOF_SPECIALIZATION,PENDING,,,,,PENDING_REVIEW
batch50-006,Milena Campos,GO,13686,Especialista em Harmonização Orofacial,true,https://www.dramilenacampos.com.br/,,CEOF_SPECIALIZATION,PENDING,,,,,PENDING_REVIEW
batch50-007,Aline Maia,MG,42023,Dentista com atuação em Harmonização Orofacial,true,https://www.doctoralia.com.br/aline-maia-4/dentista-especialista-em-harmonizacao-orofacial/belo-horizonte,,CEOF_SPECIALIZATION,PENDING,,,,,PENDING_REVIEW
batch50-008,Natalia Messina,MG,071836,Especialista em Harmonização Orofacial,true,https://nataliamessina.com.br/,,CEOF_SPECIALIZATION,PENDING,,,,,PENDING_REVIEW
batch50-009,Gabriela Dalaroza,PR,39995,Dentista com atuação em Harmonização Orofacial,true,https://gabrieladalaroza.com.br/,,CEOF_SPECIALIZATION,PENDING,,,,,PENDING_REVIEW
batch50-010,Leonardo Marchesini Javorsky,PR,32047,Especialista em Harmonização Orofacial,true,https://www.ident.com.br/dr.leonardojavorsky,,CEOF_SPECIALIZATION,PENDING,,,,,PENDING_REVIEW
batch50-011,Yasmim Silva Vieira,PA,8900,Dentista em especialização em Harmonização Orofacial,true,https://www.doctoralia.com.br/yasmim-silva-vieira/dentista/belem,,CEOF_SPECIALIZATION,PENDING,,,,,PENDING_REVIEW
batch50-012,Carolina Souto Lima,PA,4110,Especialista em Harmonização Orofacial,true,https://oralclinicabelem.com.br/,,CEOF_SPECIALIZATION,PENDING,,,,,PENDING_REVIEW
batch50-013,Bruno Cantharino,BA,7532,Cirurgião Bucomaxilofacial,true,https://www.doctoralia.com.br/servicos-de-tratamento/avaliacao-harmonizacao-orofacial/salvador,,CEOF_SPECIALIZATION,PENDING,,,,,PENDING_REVIEW
batch50-014,Viviane Rabelo,BA,9428,Dentista com atuação em Harmonização Orofacial,true,https://www.doctoralia.com.br/viviane-rabelo/dentista/salvador,,CEOF_SPECIALIZATION,PENDING,,,,,PENDING_REVIEW
batch50-015,Júlia Hummel,GO,20637,Dentista com atuação em Harmonização Orofacial,true,https://juliahummel.com.br/,,CEOF_SPECIALIZATION,PENDING,,,,,PENDING_REVIEW
batch50-016,Claudiana Ávila,DF,4991,Dentista com atuação em estética facial,true,https://clinicaavila.com.br/,,CEOF_SPECIALIZATION,PENDING,,,,,PENDING_REVIEW
batch50-017,Izabella Magalhães,MG,64076,Dentista com atuação em Harmonização Orofacial,true,https://www.doctoralia.com.br/servicos-de-tratamento/avaliacao-harmonizacao-orofacial/belo-horizonte,,CEOF_SPECIALIZATION,PENDING,,,,,PENDING_REVIEW
batch50-018,Thaís Bottacin,SP,172812,Dentista com atuação em Harmonização Orofacial,true,https://www.drathaisbottacin.com.br/,,CEOF_SPECIALIZATION,PENDING,,,,,PENDING_REVIEW
batch50-019,Aline Souza,PR,39848,Especialista em Harmonização Orofacial,true,https://lineve.com.br/,,CEOF_SPECIALIZATION,PENDING,,,,,PENDING_REVIEW
batch50-020,Juliane Sprenger,PR,13152,Especialista em Harmonização Orofacial,true,https://www.doctoralia.com.br/juliane-sprenger/dentista-especialista-em-harmonizacao-orofacial/curitiba,,CEOF_SPECIALIZATION,PENDING,,,,,PENDING_REVIEW
batch50-021,Arthur Forte,PA,12738,Especialista em Harmonização Orofacial,true,https://www.doctoralia.com.br/arthur-forte/dentista/belem-para,,CEOF_SPECIALIZATION,PENDING,,,,,PENDING_REVIEW
batch50-022,Andrea Lisboa Sisnando,PA,2650,Dentista com atuação em Harmonização Orofacial,true,https://www.doctoralia.com.br/andrea-lisboa-sisnando/dentista/belem-para,,CEOF_SPECIALIZATION,PENDING,,,,,PENDING_REVIEW
batch50-023,Risia Lara Malveira,PA,9938,Dentista com atuação em Harmonização Facial,true,https://www.doctoralia.com.br/servicos-de-tratamento/consulta-odontologica/belem-para,,CEOF_SPECIALIZATION,PENDING,,,,,PENDING_REVIEW
batch50-024,Andre Ribeiro,PA,4340,Cirurgião Bucomaxilofacial,true,https://www.doctoralia.com.br/andre-ribeiro-2/cirurgiao-buco-maxilo-facial-dentista/belem-para,,CEOF_SPECIALIZATION,PENDING,,,,,PENDING_REVIEW
batch50-025,Diego Pacheco Ferreira,PA,5091,Cirurgião Bucomaxilofacial,true,https://www.doctoralia.com.br/cirurgiao-buco-maxilo-facial/belem-para,,CEOF_SPECIALIZATION,PENDING,,,,,PENDING_REVIEW
batch50-026,Célio Armando Couto da Cunha Jr.,PA,4509,Cirurgião Bucomaxilofacial,true,https://www.doctoralia.com.br/cirurgiao-buco-maxilo-facial/belem-para,,CEOF_SPECIALIZATION,PENDING,,,,,PENDING_REVIEW
batch50-027,Tamires Martins dos Santos Almeida,PE,15217,Especialista em Harmonização Orofacial,true,https://www.doctoralia.com.br/tamires-martins-dos-santos-almeida/dentista-especialista-em-harmonizacao-orofacial/recife,,CEOF_SPECIALIZATION,PENDING,,,,,PENDING_REVIEW
batch50-028,Gabriela Alves Pinto,PE,9029,Cirurgiã Bucomaxilofacial,true,https://www.doctoralia.com.br/servicos-de-tratamento/harmonizacao-facial-2/recife,,CEOF_SPECIALIZATION,PENDING,,,,,PENDING_REVIEW
batch50-029,Camila Lins Vieira,PE,7827,Cirurgiã Bucomaxilofacial e Especialista em Harmonização Orofacial,true,https://www.doctoralia.com.br/servicos-de-tratamento/harmonizacao-facial-2/recife,,CEOF_SPECIALIZATION,PENDING,,,,,PENDING_REVIEW
batch50-030,Verena Scavello,BA,16349,Dentista com atuação em Harmonização Facial,true,https://www.doctoralia.com.br/servicos-de-tratamento/harmonizacao-facial-2/salvador,,CEOF_SPECIALIZATION,PENDING,,,,,PENDING_REVIEW
batch50-031,Fatima Karoline Dultra,BA,7230,Cirurgiã Bucomaxilofacial,true,https://www.doctoralia.com.br/servicos-de-tratamento/harmonizacao-facial-2/salvador,,CEOF_SPECIALIZATION,PENDING,,,,,PENDING_REVIEW
batch50-032,Edilson Martins Rodrigues Neto,CE,14336,Dentista com atuação em Cirurgia Bucomaxilofacial e Harmonização Facial,true,https://www.doctoralia.com.br/servicos-de-tratamento/harmonizacao-facial-2/fortaleza,,CEOF_SPECIALIZATION,PENDING,,,,,PENDING_REVIEW
batch50-033,Pâmela Nicodemos,DF,11959,Especialista em Harmonização Facial,true,https://www.doctoralia.com.br/pamela-nicodemos/dentista/brasilia,,CEOF_SPECIALIZATION,PENDING,,,,,PENDING_REVIEW
batch50-034,Andréa Meireles,DF,10057,Dentista com atuação em Harmonização Orofacial,true,https://www.doctoralia.com.br/servicos-de-tratamento/harmonizacao-facial-full-face/brasilia,,CEOF_SPECIALIZATION,PENDING,,,,,PENDING_REVIEW
batch50-035,Livia Prates,GO,20148,Cirurgiã Bucomaxilofacial,true,https://www.doctoralia.com.br/servicos-de-tratamento/harmonizacao-facial-2/goiania,,CEOF_SPECIALIZATION,PENDING,,,,,PENDING_REVIEW
batch50-036,Geovane Miranda,GO,7559,Cirurgião Bucomaxilofacial,true,https://www.doctoralia.com.br/servicos-de-tratamento/harmonizacao-facial-2/goiania,,CEOF_SPECIALIZATION,PENDING,,,,,PENDING_REVIEW
batch50-037,Aline Serrou,MS,7411,Dentista com atuação em Harmonização Facial,true,https://www.doctoralia.com.br/aline-serrou/dentista/campo-grande,,CEOF_SPECIALIZATION,PENDING,,,,,PENDING_REVIEW
batch50-038,Cecília Rocha,MS,4496,Dentista com atuação em Harmonização Facial,true,https://www.doctoralia.com.br/cecilia-rocha/dentista/campo-grande,,CEOF_SPECIALIZATION,PENDING,,,,,PENDING_REVIEW
batch50-039,Ana Carla Rocha De Araujo,RJ,20973,Especialista em Harmonização Orofacial,true,https://www.doctoralia.com.br/ana-carla-rocha-de-araujo/dentista-especialista-em-harmonizacao-orofacial/rio-de-janeiro,,CEOF_SPECIALIZATION,PENDING,,,,,PENDING_REVIEW
batch50-040,Isabela Rocha Dornelas,RJ,27847,Especialista em Harmonização Orofacial,true,https://www.doctoralia.com.br/isabela-rocha-dornelas/dentista-especialista-em-harmonizacao-orofacial/rio-de-janeiro,,CEOF_SPECIALIZATION,PENDING,,,,,PENDING_REVIEW
batch50-041,Mayra Rodrigues,SP,118744,Especialista em Harmonização Orofacial,true,https://www.doctoralia.com.br/dentista/sao-paulo/uniodonto,,CEOF_SPECIALIZATION,PENDING,,,,,PENDING_REVIEW
batch50-042,Thalita Mendes,SP,138974,Especialista em Harmonização Orofacial,true,https://www.doctoralia.com.br/thalita-mendes/especialista-em-harmonizacao-orofacial/sao-paulo,,CEOF_SPECIALIZATION,PENDING,,,,,PENDING_REVIEW
batch50-043,Katleenn Martins,MG,67976,Dentista com atuação em Harmonização Facial,true,https://www.doctoralia.com.br/servicos-de-tratamento/harmonizacao-facial-full-face/belo-horizonte,,CEOF_SPECIALIZATION,PENDING,,,,,PENDING_REVIEW
batch50-044,Gabriel Yehuda Antebi,SP,92703,Cirurgião Bucomaxilofacial com atuação em Harmonização Facial,true,https://www.doctoralia.com.br/dentista/sao-paulo/uniodonto,,CEOF_SPECIALIZATION,PENDING,,,,,PENDING_REVIEW
batch50-045,Jessika Nascimento,PR,25373,Dentista com atuação em Harmonização Orofacial,true,https://www.doctoralia.com.br/servicos-de-tratamento/harmonizacao-facial-2/curitiba,,CEOF_SPECIALIZATION,PENDING,,,,,PENDING_REVIEW
batch50-046,Claudia Judachesci,PR,22606,Cirurgiã Bucomaxilofacial com atuação em Harmonização Facial,true,https://www.doctoralia.com.br/claudia-judachesci/dentista/curitiba,,CEOF_SPECIALIZATION,PENDING,,,,,PENDING_REVIEW
batch50-047,Rafael Queiroz,PR,40869,Dentista com atuação em Cirurgia Estética da Face e Harmonização Facial,true,https://www.doctoralia.com.br/servicos-de-tratamento/avaliacao-harmonizacao-orofacial/curitiba,,CEOF_SPECIALIZATION,PENDING,,,,,PENDING_REVIEW
batch50-048,Tainara Rieger Milnikel,RS,25342,Dentista com atuação em Harmonização Facial,true,https://www.doctoralia.com.br/tainara-rieger-milnikel/dentista/porto-alegre,,CEOF_SPECIALIZATION,PENDING,,,,,PENDING_REVIEW
batch50-049,Tainá Fritzen,RS,16742,Cirurgiã Bucomaxilofacial e Especialista em Harmonização Orofacial,true,https://www.doctoralia.com.br/servicos-de-tratamento/harmonizacao-facial-2/porto-alegre,,CEOF_SPECIALIZATION,PENDING,,,,,PENDING_REVIEW
batch50-050,Heitor Fontes,SC,16957,Cirurgião Bucomaxilofacial,true,https://www.doctoralia.com.br/servicos-de-tratamento/harmonizacao-facial-2/florianopolis,,CEOF_SPECIALIZATION,PENDING,,,,,PENDING_REVIEW
