verification_order,batch50_id,name,claimed_cro_state,claimed_cro_number,official_identity_match,official_identity_source,current_active_status,notes
1,batch50-021,Arthur Forte,PA,12738,NO_INDEXED_OFFICIAL_MATCH,,PENDING,"No indexed CFO/CRO source found; public claim remains unverified"
2,batch50-024,Andre Ribeiro,PA,4340,NO_INDEXED_OFFICIAL_MATCH,,PENDING,"No indexed CFO/CRO source found; public claim remains unverified"
3,batch50-023,Risia Lara Malveira,PA,9938,NO_INDEXED_OFFICIAL_MATCH,,PENDING,"No indexed CFO/CRO source found; public claim remains unverified"
4,batch50-027,Tamires Martins dos Santos Almeida,PE,15217,NO_INDEXED_OFFICIAL_MATCH,,PENDING,"No indexed CFO/CRO source found; public claim remains unverified"
5,batch50-028,Gabriela Alves Pinto,PE,9029,OFFICIAL_HISTORICAL_IDENTITY_MATCH,https://www.cro-pe.org.br/site/adm_syscomm/publicacao/foto/132.pdf,PENDING,"CRO-PE official publication matches name + CRO 9029; historical identity evidence only, not current active status"
6,batch50-032,Edilson Martins Rodrigues Neto,CE,14336,NO_INDEXED_OFFICIAL_MATCH,,PENDING,"No indexed CFO/CRO source found; public claim remains unverified"
7,batch50-033,Pamela Nicodemos,DF,11959,NO_INDEXED_OFFICIAL_MATCH,,PENDING,"No indexed CFO/CRO source found; public claim remains unverified"
8,batch50-035,Livia Prates,GO,20148,NO_INDEXED_OFFICIAL_MATCH,,PENDING,"No indexed CFO/CRO source found; public claim remains unverified"
9,batch50-037,Aline Serrou,MS,7411,NO_INDEXED_OFFICIAL_MATCH,,PENDING,"No indexed CFO/CRO source found; public claim remains unverified"
10,batch50-039,Ana Carla Rocha De Araujo,RJ,20973,NO_INDEXED_OFFICIAL_MATCH,,PENDING,"No indexed CFO/CRO source found; public claim remains unverified"
11,batch50-044,Gabriel Yehuda Antebi,SP,92703,NO_INDEXED_OFFICIAL_MATCH,,PENDING,"No indexed CFO/CRO source found; public claim remains unverified"
12,batch50-043,Katleenn Martins,MG,67976,OFFICIAL_HISTORICAL_IDENTITY_MATCH,https://transparencia.cromg.org.br/baixar_documento/21425,PENDING,"CRO-MG official minutes match Katleenn Martins Ferreira + CD-67976; historical identity evidence only, not current active status"
13,batch50-045,Jessika Nascimento,PR,25373,OFFICIAL_HISTORICAL_IDENTITY_MATCH,https://www.cropr.org.br/uploads/arquivo/a05f651a729ed1808b709ce71d7f5ab4.pdf,PENDING,"CRO-PR official list matches Jessika Nascimento da Silva + 25373; historical identity evidence only, not current active status"
14,batch50-046,Claudia Judachesci,PR,22606,OFFICIAL_HISTORICAL_IDENTITY_MATCH,https://www.cropr.org.br/uploads/secretaria/mov_sec_2019_07.pdf,PENDING,"CRO-PR official movement record matches Claudia Salete Judachesci + PR-CD-22606; historical identity evidence only, not current active status"
15,batch50-048,Tainara Rieger Milnikel,RS,25342,OFFICIAL_HISTORICAL_IDENTITY_MATCH,https://transparencia.crors.org.br/wp-content/uploads/2019/12/Decis%C3%A3o-CRORS-52-2019-Setor-de-Cadastro-Delibera-Inscri%C3%A7%C3%B5es.pdf,PENDING,"CRO-RS official registration decision matches Tainara Rieger Milnikel + CD-25342; historical identity evidence only, not current active status"
