verification_order,batch50_id,name,region,claimed_cro_state,claimed_cro_number,public_profile_type,public_evidence_url,cfo_registration_state,verified_cro_state,verified_cro_number,verified_specialties,cfo_source_url,notes
1,batch50-021,Arthur Forte,North,PA,12738,HOF,https://www.doctoralia.com.br/arthur-forte/dentista/belem-para,PENDING,,,,,
2,batch50-024,Andre Ribeiro,North,PA,4340,BUCOMAX,https://www.doctoralia.com.br/andre-ribeiro-2/cirurgiao-buco-maxilo-facial-dentista/belem-para,PENDING,,,,,
3,batch50-023,Risia Lara Malveira,North,PA,9938,FACIAL_HOF,https://www.doctoralia.com.br/servicos-de-tratamento/consulta-odontologica/belem-para,PENDING,,,,,
4,batch50-027,Tamires Martins dos Santos Almeida,Northeast,PE,15217,HOF,https://www.doctoralia.com.br/tamires-martins-dos-santos-almeida/dentista-especialista-em-harmonizacao-orofacial/recife,PENDING,,,,,
5,batch50-028,Gabriela Alves Pinto,Northeast,PE,9029,BUCOMAX,https://www.doctoralia.com.br/servicos-de-tratamento/harmonizacao-facial-2/recife,PENDING,,,,,
6,batch50-032,Edilson Martins Rodrigues Neto,Northeast,CE,14336,DENTAL_BUCOMAX_FACIAL,https://www.doctoralia.com.br/servicos-de-tratamento/harmonizacao-facial-2/fortaleza,PENDING,,,,,
7,batch50-033,Pâmela Nicodemos,Central-West,DF,11959,HOF,https://www.doctoralia.com.br/pamela-nicodemos/dentista/brasilia,PENDING,,,,,
8,batch50-035,Livia Prates,Central-West,GO,20148,BUCOMAX,https://www.doctoralia.com.br/servicos-de-tratamento/harmonizacao-facial-2/goiania,PENDING,,,,,
9,batch50-037,Aline Serrou,Central-West,MS,7411,FACIAL_HOF,https://www.doctoralia.com.br/aline-serrou/dentista/campo-grande,PENDING,,,,,
10,batch50-039,Ana Carla Rocha De Araujo,Southeast,RJ,20973,HOF,https://www.doctoralia.com.br/ana-carla-rocha-de-araujo/dentista-especialista-em-harmonizacao-orofacial/rio-de-janeiro,PENDING,,,,,
11,batch50-044,Gabriel Yehuda Antebi,Southeast,SP,92703,BUCOMAX_FACIAL,https://www.doctoralia.com.br/dentista/sao-paulo/uniodonto,PENDING,,,,,
12,batch50-043,Katleenn Martins,Southeast,MG,67976,FACIAL_HOF,https://www.doctoralia.com.br/servicos-de-tratamento/harmonizacao-facial-full-face/belo-horizonte,PENDING,,,,,
13,batch50-045,Jessika Nascimento,South,PR,25373,HOF,https://www.doctoralia.com.br/servicos-de-tratamento/harmonizacao-facial-2/curitiba,PENDING,,,,,
14,batch50-046,Claudia Judachesci,South,PR,22606,BUCOMAX_HOF,https://www.doctoralia.com.br/claudia-judachesci/dentista/curitiba,PENDING,,,,,
15,batch50-048,Tainara Rieger Milnikel,South,RS,25342,FACIAL_HOF,https://www.doctoralia.com.br/tainara-rieger-milnikel/dentista/porto-alegre,PENDING,,,,,
